"Order","Name","Product Link","Image URL","Description","Price"
"1","Spa Copacabana Hidromassagem - 7 Lugares Completo E Barato","https://produto.mercadolivre.com.br/MLB-1104293220-spa-copacabana-hidromassagem-7-lugares-completo-e-barato-_JM#position=1&search_layout=grid&type=item&tracking_id=cb77d7df-c3e7-4874-b667-80134acea11a","https://http2.mlstatic.com/D_NQ_NP_611858-MLB27672184403_072018-O.webp",""" NÃO É ENVIO IMEDIATO "" DEVIDO DEMANDA DE PEDIDOS COLOCAMOS NA TRANSPORTADORA DE 14 a 18 DIAS CORRIDOS. SPA Copacabana – 7 pessoas Capacidade : 1400 litros Oferecemos SPA´S Completos e com Garantia de Fabrica O SPA é produzido em Gel Coat NAVAL com NPG (Neopentil Glicol) e Inibidor de luz UV Reforçado com fibra de vidro, um material de alta durabilidade e longa vida útil. Com alto brilho, este material proporcionará muito conforto para você. É muito fácil de limpar e oferece grande resistência á raios solares e á ação do tempo. A configuração do SPA é com: 8 Jatos Grande direcionáveis em inox 20 mini jatos 7 travesseiros 1 Válvula de entrada com Ladrão 1 Válvula de saída sendo Dreno 2 Sucção 6 Arejadores 2 Moto bombas de 2 cv Blindada extremamente silenciosa da Syllent Aquecedor digital 8000 watts com sensor de nível da SANSPRAY 2 Pontos de cromoterapia da SANSPRAY Acionador da segunda moto bomba Painel Digital SANSPRAY Filtro cartucho Jacuzzi Capa de SPA de Brinde Garantia e nota fiscal eletrônica 5 anos de garantia no casco 2 anos de garantia nos acessórios jatos 2 anos de garantia na moto bomba 1 ano de garantia no aquecedor e cromoterapia Tudo montado instalado e testado, pronto para acabamento e uso. Basta colocar o SPA em cima do local determinado, fazer ligações de entrada e saída de água e ligar na rede elétrica . Não necessita de alvenaria de sustentação, pois o SPA vai com os pés extremamente reforçados e uma base nivelada com os equipamentos instalados e chumbados, basta fazer o acabamento . Certificados: *Certificado n° NCC 17.04524 *Certificado n° DNV-2005-OSL-LVD/EMC-0192 *Certificado n° NCC15.03854 *Certificado n° IFBQ 04169/2017","11.499"
"2","Spa Hidromassagem Junior 4 A 6 Lugares Com Brilho E Garantia","https://produto.mercadolivre.com.br/MLB-1000749082-spa-hidromassagem-junior-4-a-6-lugares-com-brilho-e-garantia-_JM#position=2&search_layout=grid&type=item&tracking_id=cb77d7df-c3e7-4874-b667-80134acea11a","https://http2.mlstatic.com/D_NQ_NP_769101-MLB27076508373_032018-O.webp",""" NÃO É ENVIO IMEDIATO "" DEVIDO DEMANDA DE PEDIDOS COLOCAMOS NA TRANSPORTADORA DE 14 a 18 DIAS CORRIDOS. Atenção : "" As fotos de nossos anúncios são fotos reais de nossos produtos tiradas ou enviadas dos nossos satisfeitos clientes, existem empresas que estão copiando nossas fotos . "" SPA Junior – 4 a 6 pessoas - 2,10 x 1,80 x 0,86 Capacidade : 900 litros Oferecemos SPA´S Completos e com Garantia de Fabrica O SPA é produzido em Gel Coat NAVAL com NPG (Neopentil Glicol) e Inibidor de luz UV Reforçado com fibra de vidro, um material de alta durabilidade e longa vida útil. Com alto brilho, este material proporcionará muito conforto para você. É muito fácil de limpar e oferece grande resistência á raios solares e á ação do tempo. A configuração do SPA é com: 8 Jatos Grande direcionáveis 6 mini jatos 4 travesseiros 1 Válvula de entrada com Ladrão 1 Válvula de saída sendo Dreno 1 Sucções 4 Arejadores 1 Moto bombas de 2 cv extremamente silenciosa da Syllent Aquecedor digital 8000 watts com sensor de nivel 2 pontos de cromoterapia Painel digital Garantia e nota fiscal eletrônica 3 anos de garantia no casco 1 anos de garantia nos acessórios jatos 1 anos de garantia na moto bomba 1 ano de garantia no aquecedor e cromoterapia Você pode acrescentar caso queira deixar mais completo : - Kit mini jatos; - Air Blower ; - Filtro ( 2 opções ) ; - Gerador de Ozônio - 02 pontos a mais de cromoterapia * Independente da configuração o SPA vai montado instalado e testado, pronto para acabamento e uso, a única no mercado que manda o SPA todo pronto para acabamento e uso e sem custo adicional . Basta colocar o SPA em cima do local determinado, fazer ligações de entrada e saída de água e ligar na rede elétrica . Não necessita de alvenaria de sustentação, pois o SPA vai com os pés extremamente reforçados e uma base nivelada com os equipamentos instalados e chumbados, basta fazer o acabamento .","7.199"
"3","Spa Copacabana Hidromassagem - 7 Lugares Completo E Barato","https://produto.mercadolivre.com.br/MLB-1129082711-spa-copacabana-hidromassagem-7-lugares-completo-e-barato-_JM#position=3&search_layout=grid&type=item&tracking_id=cb77d7df-c3e7-4874-b667-80134acea11a","https://http2.mlstatic.com/D_NQ_NP_611858-MLB27672184403_072018-O.webp",""" NÃO É ENVIO IMEDIATO "" DEVIDO DEMANDA DE PEDIDOS COLOCAMOS NA TRANSPORTADORA DE 14 a 18 DIAS CORRIDOS. SPA Copacabana – 7 pessoas Capacidade : 1400 litros Oferecemos SPA´S Completos e com Garantia de Fabrica O SPA é produzido em Gel Coat NAVAL com NPG (Neopentil Glicol) e Inibidor de luz UV Reforçado com fibra de vidro, um material de alta durabilidade e longa vida útil. Com alto brilho, este material proporcionará muito conforto para você. É muito fácil de limpar e oferece grande resistência á raios solares e á ação do tempo. A configuração do SPA é com: 10 Jatos Grande direcionáveis em inox 7 travesseiros 1 Válvula de entrada com Ladrão 1 Válvula de saída sendo Dreno 1 Sucção 4 Arejadores 1 Moto bombas de 2 cv Blindada extremamente silenciosa da Syllent Aquecedor digital 8000 watts com sensor de nível da SANSPRAY 2 Pontos de cromoterapia da SANSPRAY Painel Digital SANSPRAY Filtro Cartucho da Jacuzzi Capa Garantia e nota fiscal eletrônica 5 anos de garantia no casco 1 anos de garantia nos acessórios jatos 1 anos de garantia na moto bomba 1 ano de garantia no aquecedor e cromoterapia O SPA vai todo montado, pronto para acabamento e uso. Basta colocar o SPA em cima do local determinado, fazer ligações de entrada e saída de água e ligar na rede elétrica . Não necessita de alvenaria de sustentação, pois o SPA vai com os pés extremamente reforçados e uma base nivelada com os equipamentos instalados e chumbados, basta fazer o acabamento .","9.899"
"4","Spa Copacabana Hidromassagem 7 Lugares Com Brilho E Garantia","https://produto.mercadolivre.com.br/MLB-958263879-spa-copacabana-hidromassagem-7-lugares-com-brilho-e-garantia-_JM#position=4&search_layout=grid&type=item&tracking_id=cb77d7df-c3e7-4874-b667-80134acea11a","https://http2.mlstatic.com/D_NQ_NP_651902-MLB26602398797_012018-O.webp",""" NÃO É ENVIO IMEDIATO "" DEVIDO DEMANDA DE PEDIDOS COLOCAMOS NA TRANSPORTADORA DE 14 a 18 DIAS CORRIDOS. . Atenção : "" As fotos de nossos anúncios são fotos reais de nossos produtos tiradas ou enviadas dos nossos satisfeitos clientes, existem empresas que estão copiando nossas fotos . "" SPA Copacabana – 7 pessoas - 2,40 x 2,20 x 0,87 Capacidade : 1400 litros A configuração do SPA é com: 10 Jatos Grande direcionáveis 32 mini jatos 7 travesseiros 1 Válvula de entrada com Ladrão 1 Válvula de saída sendo Dreno 3 Sucções 6 Arejadores 3 Moto bombas de 2 cv Blindada extremamente silenciosa Aquecedor Digital 8000 watts com sensor de nível 2 Pontos de cromoterapia Painel Digital Filtro Cartucho Jacuzzi Ozônio antibacteriano Cascata em inox Air Blower com 10 bicos + Acionador + motor O SPA vai todo montado , tanto hidráulica quanto elétrica, basta colocar em cima do contra piso e conectar entrada e saída de água e emendar na rede elétrica que o SPA estará pronto para acabamento e uso. Garantia e nota fiscal eletrônica 5 anos de garantia no casco 1 anos de garantia na moto bomba 1 ano de garantia no aquecedor e cromoterapia * Independente da configuração o SPA vai montado instalado e testado, pronto para acabamento e uso, a única no mercado que manda o SPA todo pronto para acabamento e uso e sem custo adicional . Basta colocar o SPA em cima do local determinado, fazer ligações de entrada e saída de água e ligar na rede elétrica . Não necessita de alvenaria de sustentação, pois o SPA vai com os pés extremamente reforçados e uma base nivelada com os equipamentos instalados e chumbados, basta fazer o acabamento .","16.569"
"5","Spa Jacuzzi, P/ 10 Pessoas, C/ Hidro Syllent Super Oferta!","https://produto.mercadolivre.com.br/MLB-1915408418-spa-jacuzzi-p-10-pessoas-c-hidro-syllent-super-oferta-_JM#position=5&search_layout=grid&type=item&tracking_id=cb77d7df-c3e7-4874-b667-80134acea11a","https://http2.mlstatic.com/D_NQ_NP_841204-MLB46375252775_062021-O.webp","Spa Vancouver 2.90 X 2.20 X 1.00 Com Hidromassagem + Acionamento Motor 08 - Jatos grandes direcionaveis 01 - Ladrão misturador 02 - Arejadores (regula a pressão dos jatos) 01 - Válvula de sucção 01 - Válvula de fundo em Inox 02 - Travesseiros anatômicos 01 - Motobomba de 1.5 cv Syllent 01 -Aquecedor 3/1 01 - Base alto Portante 01 - capa de lona - Tubulação da Hidromassagem montada e pronta para instalação no local. Opcionais à parte: Consulte-nos! - Aquecedor com painel digital e sensor de nível de 5.000wt ou 8.000wt - Cromoterapia com painel digital e 4 pontos de led c/ cores rotativas certificado pelo InMetro com 01 ano de garantia (12 meses). - Ozônio, um produto ionisador, elimina todo e qualquer tipo de bactéria presente na água ou na pele. Certificado pelo InMetro c/ 01 ano de garantia e produz 0.89gr/hora. - Capa de lona - Tampão térmico - Filtro de Cartucho com motor de 1/3 cv + Timer - Projetos em Deck de madeira ( A CONSULTAR ) Produtos JP Banheiras, são produzidos em Gel coat Naval, com NPG ( Neopentil Glicol ) e inibidor de luz UV, Reforçado com fibra de vidro, um material de alta durabilidade, longa duração, com alto brilho, este material proporcionará muito conforto para você, muito fácil de limpar e oferece grande resistência a Raios solares e a ação do tempo, podendo ser instalado em ambientes Externos e Internos! Jatos em Aço Inox e auto-drenante, válvulas em metal cromado, travesseiros anatômicos com sistema de ventosas, mangueiras que suportam até 90° C de temperatura, motor silencioso Syllenty modelo novo com 20% a mais de vazão e com 02 anos de garantia. São Paulo e Grande SP, Frete Grátis, até um Raio de 20km, imagens meramente ilustrativas, duvidas ou esclarecimentos estamos a Disposição Att..Felipe Equipe JP Banheiras","11.298"
"6","Spa Quadrado 2x2 - Imersão - Com Travesseiros De Brinde !!","https://produto.mercadolivre.com.br/MLB-2710637477-spa-quadrado-2x2-imerso-com-travesseiros-de-brinde--_JM#position=6&search_layout=grid&type=item&tracking_id=cb77d7df-c3e7-4874-b667-80134acea11a","https://http2.mlstatic.com/D_NQ_NP_831196-MLB50637061640_072022-O.webp","SPA QUADRADO CONFORTO *** Fotos Meramente Ilustrativas*** MEDIDAS: 2.O X 2.0 X 1.00 ACOMODAÇÕES : 05 CAPACIDADE : 1050 LTS 01 - Válvula de Misturador Ladrão 01 - Válvula de Fundo ( Dreno ) metal cromado 01 - Base Auto-Portante OBS: PARA AREA EXTERNA ACONSELHAMOS QUE TENHA UMA CAPA DE PROTEÇÃO CONTRA CHUVA E SOL, POIS PODE MANCHAR O CASCO DE SEU SPA CASO FIQUE EXPOSTO SEM PROTEÇÃO. Temos também nas versões Completas Com Hidro+Aquecedor+Acessórios Consulte-nos - Preço de Fábrica !!! - Jatos em metal Cromados e auto drenantes. - Travesseiros anatômicos com sistemas de ventosas. - Mangueiras que suportam até 90° de temperatura. - Conexões TIGRE. - Motor Silencioso, Geração II com 20% a mais de vazão com 1 anos de garantia . - Garantia de 01 ano para os demais acessórios elétricos. -Banheiras certificadas pelo INMETRO. Especificações - Necessita de instalação, vai previamente montado, pronto para uso, porém deve ser feito instalação da moto bomba e aquecedor no local. COMO REALIZAR A SUA COMPRA CONSULTE O VALOR DO FRETE --- CLIQUE EM COMPRAR --- SELECIONE A UNIDADE --- ESCOLHA A OPÇÃO ""ENTREGAR NO MEU ENDEREÇO"" --- REVISE SEUS DADOS DE ENTREGA --- PREENCHA O CUSTO DO FRETE --- ESCOLHA A OPÇÃO DE PAGAMENTO --- REVISE E FINALIZE A SUA COMPRA ATENÇÃO, se for solicitado a cópia do seu RG ou se mesmo o pagamento com cartão de crédito que não for liberado imediatamente e por ventura, ficar em algum tipo de análise, faça uma reclamação para o Mercado Livre, pois vai contra o procedimento normal de pagamento. Vá na opção de ""Contato"" no site em seguida ""Comprando"", siga tirando suas dúvidas, até abrir sua reclamação. INFORMAÇÕES IMPORTANTES - Tire todas as suas dúvidas no campo ""Perguntas"" antes de efetuar a compra. Compre com segurança. De acordo com a política de comercialização do Mercado Livre, não podemos trocar informações de contato antes da efetivação da compra. - O frete é por conta do comprador. O frete não esta incluso no valor do produto e devido o tipo de transporte, não participamos de campanhas acumulativas de pontos. - Atendemos todo o Brasil através de transportadoras. - Nosso prazo de produção é de até 15 dias úteis + o prazo do transportador de acordo com cada região. Consulte-nos. - Cheque o produto no momento do recebimento, se constatado alguma avaria a devolução deve ser imediata. - Para evitar futuros transtornos, fique atento a descrição do produto, aos itens que o compõe e suas dimensões. Verifique o espaço em que o produto será acomodado e suas passagens. - Somos uma empresa idônea. - A entrega é garantida. Entregamos para todo o Brasil, porém o frete é por conta do cliente. - Clique em comprar somente se tiver certeza e após ter sanado todas as dúvidas em relação ao produto. - Trocas e devoluções somente serão aceitas se comprovado defeito de fabricação, dentro do prazo estipulado pela Política do Mercado Livre, com a ciência de que o frete é por conta do cliente. - Não esqueça de nos consultar e realizar a confirmação do frete, medidas e prazo de entrega, antes de efetivar a compra. Veja nossas qualificações e certifique que somos uma loja com total respeito e dedicação aos nossos clientes e assim irão poder comprar nossa banheiras sem medo.","3.799"
"7","Spa Quadrado 2x2 - C/hidromassagem+travesseiros De Brinde !!","https://produto.mercadolivre.com.br/MLB-2710737567-spa-quadrado-2x2-chidromassagemtravesseiros-de-brinde--_JM#position=7&search_layout=grid&type=item&tracking_id=cb77d7df-c3e7-4874-b667-80134acea11a","https://http2.mlstatic.com/D_NQ_NP_768545-MLB50637501897_072022-O.webp","SPA QUADRADO CONFORTO *** Fotos Meramente Ilustrativas*** MEDIDAS: 2.O X 2.0 X 1.00 ACOMODAÇÕES : 05 CAPACIDADE : 1050 LTS Itens inclusos: 07 - Jatos grandes acabamento em inox 01 - Válvula de entrada acabamento em inox 01 - Válvula de saída acabamento em inox 01- Sucções acabamento em inox 01 - Arejadores acabamento em inox 01 - Moto bomba de 1.0cv certificada Temos também nas versões Completas Com Hidro+Aquecedor+Acessórios Consulte-nos - Preço de Fábrica !!! - Jatos em metal Cromados e auto drenantes. - Travesseiros anatômicos com sistemas de ventosas. - Mangueiras que suportam até 90° de temperatura. - Conexões TIGRE. - Motor Silencioso, Geração II com 20% a mais de vazão com 1 anos de garantia . - Garantia de 01 ano para os demais acessórios elétricos. -Banheiras certificadas pelo INMETRO. Especificações - Necessita de instalação, vai previamente montado, pronto para uso, porém deve ser feito instalação da moto bomba e aquecedor no local. COMO REALIZAR A SUA COMPRA CONSULTE O VALOR DO FRETE --- CLIQUE EM COMPRAR --- SELECIONE A UNIDADE --- ESCOLHA A OPÇÃO ""ENTREGAR NO MEU ENDEREÇO"" --- REVISE SEUS DADOS DE ENTREGA --- PREENCHA O CUSTO DO FRETE --- ESCOLHA A OPÇÃO DE PAGAMENTO --- REVISE E FINALIZE A SUA COMPRA ATENÇÃO, se for solicitado a cópia do seu RG ou se mesmo o pagamento com cartão de crédito que não for liberado imediatamente e por ventura, ficar em algum tipo de análise, faça uma reclamação para o Mercado Livre, pois vai contra o procedimento normal de pagamento. Vá na opção de ""Contato"" no site em seguida ""Comprando"", siga tirando suas dúvidas, até abrir sua reclamação. INFORMAÇÕES IMPORTANTES - Tire todas as suas dúvidas no campo ""Perguntas"" antes de efetuar a compra. Compre com segurança. De acordo com a política de comercialização do Mercado Livre, não podemos trocar informações de contato antes da efetivação da compra. - O frete é por conta do comprador. O frete não esta incluso no valor do produto e devido o tipo de transporte, não participamos de campanhas acumulativas de pontos. - Atendemos todo o Brasil através de transportadoras. - Nosso prazo de produção é de até 15 dias úteis + o prazo do transportador de acordo com cada região. Consulte-nos. - Cheque o produto no momento do recebimento, se constatado alguma avaria a devolução deve ser imediata. - Para evitar futuros transtornos, fique atento a descrição do produto, aos itens que o compõe e suas dimensões. Verifique o espaço em que o produto será acomodado e suas passagens. - Somos uma empresa idônea. - A entrega é garantida. Entregamos para todo o Brasil, porém o frete é por conta do cliente. - Clique em comprar somente se tiver certeza e após ter sanado todas as dúvidas em relação ao produto. - Trocas e devoluções somente serão aceitas se comprovado defeito de fabricação, dentro do prazo estipulado pela Política do Mercado Livre, com a ciência de que o frete é por conta do cliente. - Não esqueça de nos consultar e realizar a confirmação do frete, medidas e prazo de entrega, antes de efetivar a compra. Veja nossas qualificações e certifique que somos uma loja com total respeito e dedicação aos nossos clientes e assim irão poder comprar nossa banheiras sem medo.","4.599"
"8","Spa,ofurô, Jacuzzi Área Externa 7 A 10 Pessoas Completo","https://produto.mercadolivre.com.br/MLB-2095838776-spaofur-jacuzzi-area-externa-7-a-10-pessoas-completo-_JM#position=8&search_layout=grid&type=item&tracking_id=cb77d7df-c3e7-4874-b667-80134acea11a","https://http2.mlstatic.com/D_NQ_NP_741268-MLB49564885984_042022-O.webp","** LEIA A DESCRIÇÃO SPA PLAYAZO/COPABACANA MEDIDAS: 2,20 x 2,40 x 0,90 ACOMODACÇÕES : 10 04 - jatos grandes em metal cromado ""direcionáveis"" 08 - Mini jatos Direcionáveis 01 - Válvula de sucção em metal cromado 01 - Válvula de saída em metal cromado 01 - Válvula de entrada em metal cromado 01 - Controlador de AR em metal cromado 01 - Moto bomba blindada de 1CV 220v 01 - Aquecedor de 5.000 ou 8.000wt, 110/220v, certificado pelo InMetro com 01 ano de garantia (12 meses) 01 - Cromoterapia 16 cores por controle remoto (unica do mercado) 01 - Ultravioleta para manter a agua cristalina - Acabamento lateral em deck - Jatos em metal Cromados e auto drenates. - Mangueiras que suportam até 90° de temperatura. - Motor Silencioso, Geração II com 20% a mais de vazão com 1 anos de garantia . - Garantia de 01 ano para os demais acessórios elétricos. -Banheiras certificadas pelo INMETRO. Especificações - Necessita de instalação, vai previamente montado, pronto para uso, porém deve ser feito instalação da moto bomba e aquecedor no local. COMO REALIZAR A SUA COMPRA CONSULTE O VALOR DO FRETE --- CLIQUE EM COMPRAR --- SELECIONE A UNIDADE --- ESCOLHA A OPÇÃO ""ENTREGAR NO MEU ENDEREÇO"" --- REVISE SEUS DADOS DE ENTREGA --- PREENCHA O CUSTO DO FRETE --- ESCOLHA A OPÇÃO DE PAGAMENTO --- REVISE E FINALIZE A SUA COMPRA ATENÇÃO, se for solicitado a cópia do seu RG ou se mesmo o pagamento com cartão de crédito que não for liberado imediatamente e por ventura, ficar em algum tipo de análise, faça uma reclamação para o Mercado Livre, pois vai contra o procedimento normal de pagamento. Vá na opção de ""Contato"" no site em seguida ""Comprando"", siga tirando suas dúvidas, até abrir sua reclamação. INFORMAÇÕES IMPORTANTES - Tire todas as suas dúvidas no campo ""Perguntas"" antes de efetuar a compra. Compre com segurança. De acordo com a política de comercialização do Mercado Livre, não podemos trocar informações de contato antes da efetivação da compra. - O frete é por conta do comprador. O frete não esta incluso no valor do produto e devido o tipo de transporte, não participamos de campanhas acumulativas de pontos. - Atendemos todo o Brasil através de transportadoras. - Nosso prazo de produção é de até 15 dias úteis + o prazo do transportador de acordo com cada região. Consulte-nos. - Cheque o produto no momento do recebimento, se constatado alguma avaria a devolução deve ser imediata. - Para evitar futuros transtornos, fique atento a descrição do produto, aos itens que o compõe e suas dimensões. Verifique o espaço em que o produto será acomodado e suas passagens. - Somos uma empresa idônea. - A entrega é garantida. Entregamos para todo o Brasil, porém o frete é por conta do cliente. - Clique em comprar somente se tiver certeza e após ter sanado todas as dúvidas em relação ao produto. - Trocas e devoluções somente serão aceitas se comprovado defeito de fabricação, dentro do prazo estipulado pela Política do Mercado Livre, com a ciência de que o frete é por conta do cliente. - Não esqueça de nos consultar e realizar a confirmação do frete, medidas e prazo de entrega, antes de efetivar a compra. Veja nossas qualificações e certifique que somos uma loja com total respeito e dedicação aos nossos clientes e assim irão poder comprar nossa banheiras sem medo.","22.990"
"9","Banheira Redonda Niterói Hidro Jaccuzi Promoção","https://produto.mercadolivre.com.br/MLB-1363442288-banheira-redonda-niteroi-hidro-jaccuzi-promoco-_JM#position=9&search_layout=grid&type=item&tracking_id=cb77d7df-c3e7-4874-b667-80134acea11a","https://http2.mlstatic.com/D_NQ_NP_717346-MLB32853063151_112019-O.webp","Oferecemos Banheiras Completas e com Garantia de Fabrica TENHO SEDE PRÓPRIA COM LOJA FÍSICA . A Hidromassagem é uma forma terapêutica de utilização de água. A temperatura e a energia dinâmica da água produzem efeitos sobre a pele e as articulações, podendo aumentar a circulação sanguínea superficial, possibilitando uma excelente oxigenação no corpo e maior relaxamento muscular. A técnica de hidromassagem foi criada para auxiliar nos tratamentos de reabilitação motora e também é indicada para estimular o bem-estar e o equilíbrio mental. Mais saudável e relaxada. Nossas banheiras são produzidas em Gel Coat NAVAL com NPG (Neopentil Glicol) e Inibidor de luz UV Reforçado com fibra de vidro, um material de alta durabilidade e longa vida útil. Com alto brilho, este material proporcionará muito conforto para você. É muito fácil de limpar e oferece grande resistência á raios solares e á ação do tempo. NÃO AMARELA (fotos meramente ilustrativas) Temos nas Seguintes Dimensões 1,50 X 1,50 X 0,50 Litragem: 250L 1,80 X 1,80 X 0,50 Litragem: 390L . CONFIGURAÇÃO DA HIDROMASSAGEM 06 Mini Jatos Turbo em Inox 04 Jatos direcionáveis em Inox 01 Sucção em Inox 01 Válvula de Entrada 01 Válvula de Saída ( ralo) 02 Arejador 01 Par de Alça Inox (BRINDE) 01 Moto Bomba super potente de 1,0 Cv 220V extremamente silenciosa modelo novo com 20% a mais de vazão 01 Aquecedor Eletrico com sensor de nível + Painel Digital 01 Kit cromoterapia com 02 pontos de led com cores rotativas Tubulação de água e ar toda montada. ACESSÓRIOS A PARTE CONSULTE PREÇO : Aquecedor com painel digital e sensor de nivel Cromoterapia 2 ou 4 pontos em leds cores rotativas Ozônio para matar bacteria e tirar odor da agua Combo de potencia 6 jatos e Moto Bomba de 1.5 cv Tampa de inspeção para casa de maquinas Moto bomba mais potente Mais 4 jatos Garantia 03 Anos do casco da banheira 01 Ano nos demais itens SEDE PRÓPRIA GARANTIA DO CASCO DE TÊS ANOS GARANTIA DA MOTO BOMBA DE UM ANO GARANTIA AQUECEDOR E ACESSÓRIOS DE UM ANO NÃO TRABALHO COM NADA DE PLASTICO TUDO VALORIZANDO MUITO O MEU PRODUTO NÃO ECONOMIZO EM QUALIDADE.TENHO LOJA FIXA EM REGIÃO DE CAMPINAS-SP COM SEDE PRÓPRIA, !!!!!!!!!!!!!!!!!!!!!!!!!!!!!!!!!!!!!!!!!!!!!!!!!!!!!!!!!!!!!!!!!!!!!!!!! TENHA UMA BOA COMPRA !!!!!!!!!!!!!!!!!!!!!!!!!!!!!!!!!!!!!!!!!!!!!!!!!!!!!!!!!!!!!!!!!!!!!!!!!","4.946"
"10","Spa Copacabana Hidromassagem 7 Lugares Com Brilho E Garantia","https://produto.mercadolivre.com.br/MLB-1028692653-spa-copacabana-hidromassagem-7-lugares-com-brilho-e-garantia-_JM#position=10&search_layout=grid&type=item&tracking_id=cb77d7df-c3e7-4874-b667-80134acea11a","https://http2.mlstatic.com/D_NQ_NP_651902-MLB26602398797_012018-O.webp",""" NÃO É ENVIO IMEDIATO "" DEVIDO DEMANDA DE PEDIDOS COLOCAMOS NA TRANSPORTADORA DE 17 a 20 DIAS CORRIDOS. . Atenção : "" As fotos de nossos anúncios são fotos reais de nossos produtos tiradas ou enviadas dos nossos satisfeitos clientes, existem empresas que estão copiando nossas fotos . "" SPA Copacabana – 7 pessoas - 2,40 x 2,20 x 0,87 Capacidade : 1400 litros A configuração do SPA é com: 10 Jatos Grande direcionáveis 32 mini jatos 7 travesseiros 1 Válvula de entrada com Ladrão 1 Válvula de saída sendo Dreno 3 Sucções 6 Arejadores 3 Moto bombas de 2 cv Blindada extremamente silenciosa Aquecedor Digital 8000 watts com sensor de nível 4 Pontos de cromoterapia Painel Digital Kit filtro de areia com bomba e acionador Ozônio antibacteriano Cascata em inox no retorno do filtro Air Blower com 10 bicos + Acionador + motor Capa de proteção O SPA vai todo montado , tanto hidráulica quanto elétrica, basta colocar em cima do contra piso e conectar entrada e saída de água e emendar na rede elétrica que o SPA estará pronto para acabamento e uso. Garantia e nota fiscal eletrônica 5 anos de garantia no casco 1 anos de garantia na moto bomba 1 ano de garantia no aquecedor e cromoterapia * Independente da configuração o SPA vai montado instalado e testado, pronto para acabamento e uso, a única no mercado que manda o SPA todo pronto para acabamento e uso e sem custo adicional . Basta colocar o SPA em cima do local determinado, fazer ligações de entrada e saída de água e ligar na rede elétrica . Não necessita de alvenaria de sustentação, pois o SPA vai com os pés extremamente reforçados e uma base nivelada com os equipamentos instalados e chumbados, basta fazer o acabamento . Certificados: *Certificado n° NCC 17.04524 *Certificado n° DNV-2005-OSL-LVD/EMC-0192 *Certificado n° NCC15.03854 *Certificado n° IFBQ 04169/2017","17.050"
